timestamp,source,destination,protocol,port,bytes,action
2026-09-11 09:10:20,WS-01,WS-02,TCP,445,18240,SMB connection
2026-09-11 09:12:32,WS-01,WS-03,TCP,445,19520,SMB connection
2026-09-11 09:13:05,WS-01,WS-04,TCP,445,20120,SMB connection
2026-09-11 09:14:42,WS-01,WS-05,TCP,445,19880,SMB connection
2026-09-11 09:15:07,WS-02,WS-06,TCP,445,17600,SMB connection
2026-09-11 09:15:19,WS-02,WS-07,TCP,445,18100,SMB connection
2026-09-11 09:16:01,WS-02,WS-08,TCP,445,18400,SMB connection
2026-09-11 09:17:23,WS-03,WS-09,TCP,445,19000,SMB connection
2026-09-11 09:18:46,WS-02,SERVER-01,TCP,445,22000,SMB connection
2026-09-11 09:30:00,WS-01,Internet,TCP,443,3500,HTTPS
